product_name_jd,product_price_jd,product_discount_jd
,,
,,
,,
,,
,,
product_name_jd,product_price_jd,product_discount_jd
,,
,,
,,
,,
,,
product_name_jd,product_price_jd,product_discount_jd
耐克 NIKE SPORTSWEAR JDI 男子T恤 AR5007 AR5007-100 L 运动出游季活动，领券满199-20/400-40/600-60/800-80；活动时间：7.27-7.30，耐克阿迪折扣好货，速来选购！立即进入,119.00,满199减20
耐克NIKE 男子 T恤 经典 LOGO 休闲 SPORTSWEAR JDI 短袖文化衫 AR5007-106白色L码,139.00,满199减20
NIKE耐克官网短袖男装上衣 2020夏季新品运动服ins潮时尚中考高考红勾跑步休闲服圆领半袖 -106/白色/红勾/店长推荐 L（175/92A）,139.00,满199减20
耐克NIKE 男子 T恤 TEE JUST DO IT SWOOSH 运动服 AR5007-010黑色2XL码,149.00,满199减20
NIKE耐克官网短袖男上衣 2020夏季新品透气跑步训练休闲服ins运动健身体恤圆领半袖 5005-101/白色/店长推荐 L/175,159.00,满199减20
耐克 男子T恤 NIKE SPORTSWEAR FUTURA AR5005 AR5005-100 XL 运动出游季活动，领券满199-20/400-40/600-60/800-80；活动时间：7.27-7.30，耐克阿迪折扣好货，速来选购！立即进入,149.00,满199减20
